lineIndex,pointIndex0,pointIndex1,pointIndex2,pointIndex3,pointIndex4,pointIndex5,pointIndex6
0,0,1
1,1,2,4
2,1,3,5,6
3,6,7
4,6,9,11
5,12,14
6,12,15
7,12,13
8,13,17
9,14,16
10,13,18,22,19
11,16,20
12,13,16
13,17,19
14,16,21
15,16,23
16,24,25
17,26,27
18,24,29
19,24,28
20,27,30,31
21,32,33
22,32,35,36
23,36,39
24,38,40,38
25,38,19
26,19,42
27,19,44
28,44,45
29,44,46
30,47,48,32
31,32,49
32,49,50
33,49,53
34,53,55,50
35,56,57
36,57,58
37,58,62,63
38,58,61
39,61,64
40,64,65,66
41,71,73,77
42,71,75
43,71,74
44,71,76
45,76,78
46,77,79
47,76,80,84
48,77,83
49,79,86,88,93
50,81,85,89
51,83,87,91
52,79,90,92
53,91,94
54,92,96
55,92,96
56,96,97,98,100
57,96,99,105
58,96,101,103
59,96,102,106
60,103,107
61,105,83
62,103,96
63,108,110
64,110,112
65,110,113
66,110,113
67,110,114,116
68,113,117
69,116,118
70,117,120,124
71,117,115
72,115,116
73,118,128
74,116,129,132
75,126,127,137
76,116,130
77,128,118
78,124,136
79,141,143,146
80,141,145,147,149
81,150,152,155
82,149,153
83,158,159
84,159,161,162
85,162,163,165,166,167
86,170,171,172
87,170,173
88,173,174
89,173,174
90,173,175,180
91,173,176,177
92,173,179,184
93,178,185,187
94,181,187
95,186,174
96,186,189
97,187,190,193
98,187,192
99,187,191
100,192,194
101,192,194
102,194,195
103,194,199
104,196,198
105,199,201,203
106,198,202
107,198,202
108,202,204
109,202,204
110,202,211
111,206,212
112,204,209
113,208,212
114,212,214
115,216,217
116,217,216
117,217,219
118,217,220
119,223,225
120,224,226
121,226,227
122,229,232
123,232,236,239
124,235,237,240
125,232,189
126,235,238,241
127,243,244
128,244,246,248
129,245,247,249
130,245,250
131,248,251
132,248,252
133,250,251
134,250,254,250
135,252,253,252
136,251,255,256
137,252,212
138,258,260,264
139,258,261
140,258,262
141,261,258
142,262,263,265
143,264,268
144,264,267
145,264,265
146,266,272
147,267,270
148,268,273
149,267,271,274
150,267,270
151,267,270
152,270,275,279
153,273,274
154,270,280
155,270,280
156,280,283
157,279,284
158,282,280
159,284,286,287
160,280,282
161,287,288,289
162,289,290,291
163,291,292,291
164,291,293,294
165,291,296
166,295,297
167,291,298
168,295,299
169,298,303,289
170,296,291
171,296,306
172,241,313
173,313,314,313
174,313,315
175,317,320
176,317,319,321
177,325,326
178,326,329
179,326,327
180,326,328
181,328,330
182,330,331,332,333
183,330,335
184,330,336
185,330,336
186,340,341
187,340,342,343
188,343,345
189,351,353
190,353,355
191,355,357
192,357,358
193,358,359
194,358,362
195,358,361
196,358,360,363
197,358,364,368
198,358,365
199,358,367
200,370,371,372
201,374,376
202,374,375,377
203,377,380
204,379,376
205,376,381,382
206,380,385
207,380,383
208,284,391
209,392,393
210,393,395
211,393,396
212,393,396
213,393,397
214,397,400
215,396,402,404
216,396,403
217,396,405
218,396,406
219,405,414
220,404,413
221,412,413
222,411,419
223,413,417
224,413,416,420
225,412,396
226,414,421,423
227,419,396
228,417,429
229,396,425
230,420,424,422
231,396,425
232,423,396
233,426,431
234,426,430
235,429,433,436
236,431,434
237,431,437,442,446
238,436,438,443,447
239,431,441
240,430,440,430
241,430,444
242,439,448,452
243,430,449
244,430,449
245,449,450,451,453
246,452,454
247,459,460
248,458,464
249,464,468
250,463,466,471
251,465,470,474,477
252,464,473
253,469,472,476
254,464,475
255,478,479
256,479,480
257,485,487
258,486,487
259,487,490
260,486,491
261,490,487
262,490,494
263,494,497
264,494,496
265,493,495
266,493,495
267,495,499
268,496,498,500
269,495,505
270,500,496
271,500,503,507,508
272,501,504,506
273,505,506
274,506,509,495
275,506,510
276,510,512
277,510,514
278,508,513
279,508,515
280,510,517,518
281,510,516
282,518,520
283,520,523,359
284,520,355
285,528,529
286,530,532,535
287,531,534
288,534,537
289,537,538,540,541
290,537,539
291,539,542,543
292,544,545,546
293,547,548,551
294,547,552
295,547,550,549
296,552,554,555
297,552,556
298,552,558
299,552,559
300,558,552
301,552,561,564
302,552,562
303,552,563
304,564,565,567
305,562,566,569
306,562,568
307,571,573,574
308,572,575
309,575,577
310,575,576,579
311,575,578
312,578,581,585
313,577,584
314,579,589,479
315,580,588,590
316,579,586
317,579,592,593
318,580,579
319,595,596
320,598,600,602
321,599,601
322,603,604,605
323,603,602,606
324,605,607
325,605,607
326,605,608
327,605,608
328,605,608
329,607,610,611
330,607,609,612,601
331,608,613
332,601,614,615,616
333,496,617,618
334,618,619
335,618,621,624,626,628
336,618,623
337,618,623
338,618,622
339,622,625
340,625,627,629
341,628,631,632
342,632,633
343,632,634
344,632,635
345,632,637,639,641
346,632,634
347,632,634
348,641,643
349,641,648
350,641,644
351,641,650
352,644,647,649
353,641,650
354,648,652,654,655
355,657,658
356,658,659
357,659,661,663
358,658,665
359,665,667,670
360,666,669,673
361,666,668,672
362,665,671
363,665,671
364,674,676
365,676,678,679
366,676,680
367,676,681
368,686,689
369,689,690
370,690,692,693
371,690,691
372,693,695
373,693,696
374,695,698
375,695,699
376,696,701,705
377,696,703,705
378,696,705
379,704,706
380,702,706
381,706,710
382,705,711
383,705,711
384,709,706
385,711,714
386,706,715
387,711,716,720
388,715,719
389,706,718,725
390,713,717
391,706,721
392,717,713
393,713,724
394,722,725
395,717,731
396,723,730
397,725,732
398,730,734
399,725,733,736
400,732,735
401,732,735
402,735,732
403,736,738,740
404,725,741
405,740,742,743
406,740,732
407,741,725
408,732,746
409,741,747
410,741,744
411,732,745,750
412,732,752
413,744,748,751
414,746,749,753
415,752,750
416,750,758
417,753,758
418,753,757
419,755,759
420,753,761
421,758,762
422,753,761
423,761,764,766
424,759,769,772
425,763,768
426,768,771,773
427,772,774
428,758,775
429,768,776
430,772,777
431,768,781
432,776,778
433,758,784
434,758,780
435,774,782
436,779,786,793,765
437,777,782
438,774,782
439,758,753
440,758,783,787
441,776,774
442,780,785
443,780,791
444,785,792,791
445,776,794
446,776,788,795
447,780,790
448,781,798
449,781,796
450,780,791
451,791,780
452,797,801
453,797,804,807
454,797,803,801
455,797,768
456,798,805
457,798,810
458,798,808
459,768,813
460,801,809
461,801,809
462,798,811
463,809,815,817
464,813,816,781
465,817,819
466,781,820
467,819,822
468,822,824
469,819,825
470,823,819
471,820,826
472,819,828
473,823,819
474,826,830,835
475,826,829,833
476,827,832
477,825,834
478,827,831,819
479,833,839
480,834,836,838,843
481,819,837
482,835,826
483,826,842
484,826,842
485,826,844
486,826,844
487,841,780
488,839,847
489,826,845
490,826,853
491,843,849,851
492,850,852
493,851,855
494,847,854,859
495,847,858
496,847,857,859
497,847,856
498,847,856
499,855,860
500,853,861
501,859,864
502,858,865
503,858,863,867
504,861,866
505,860,871
506,856,870
507,856,872
508,865,869,874
509,860,873
510,860,873
511,871,875,876
512,871,876
513,866,878
514,870,856
515,878,881
516,866,882,866
517,876,884
518,879,883
519,860,873
520,866,878
521,866,879
522,876,888
523,874,885
524,873,892,890
525,878,887,897
526,866,894
527,885,895
528,874,893
529,860,891
530,873,896
531,860,899,902,909
532,878,901
533,896,873
534,895,885
535,898,903,912
536,896,904,913,917
537,873,906
538,895,914
539,897,918
540,878,907
541,860,908
542,878,907
543,896,916
544,895,919
545,896,917
546,878,915
547,905,919
548,905,919
549,908,920,927
550,914,921,928
551,860,922
552,911,919
553,918,923,930
554,907,925
555,860,932
556,926,935
557,919,931
558,917,940
559,919,934
560,924,941
561,924,925
562,932,860
563,919,943
564,919,942
565,928,950
566,928,945
567,934,949
568,940,948
569,928,950
570,928,952
571,925,915
572,943,942
573,943,942
574,951,954,958
575,940,962
576,952,963
577,935,925
578,935,958
579,950,961
580,942,960
581,952,928
582,947,964,942
583,949,842
584,956,965,974
585,925,965
586,956,965
587,952,968
588,963,969,960
589,928,968
590,950,968
591,950,968
592,950,975,979
593,925,971
594,966,972,914
595,961,976
596,957,977
597,950,978
598,974,980,987
599,974,980
600,965,980
601,965,981
602,978,968
603,977,982,988
604,968,983
605,965,985
606,978,957
607,979,984
608,968,986
609,980,990
610,965,989
611,987,992
612,978,991,997,995
613,986,993
614,984,994
615,986,995
616,990,999
617,984,1000
618,996,992
619,988,1005
620,992,1001
621,996,992
622,984,1003,1017
623,984,1002,1007
624,995,993
625,984,1008,1016
626,988,1009
627,988,1010
628,990,1011,1018
629,990,1015
630,992,980
631,992,980
632,1005,1019
633,1007,1032
634,1015,1021,1030
635,1015,1020
636,992,1029
637,993,1028
638,980,1027
639,1019,1025
640,993,1033
641,993,1020
642,992,1034
643,1010,1031,991
644,1024,1037
645,1020,1036
646,1024,1019
647,1028,1020
648,1007,1038
649,1007,1044
650,1028,1043,1047
651,1034,1045
652,1029,1045
653,1019,1051,1063,1080
654,1038,852
655,1048,1052,1058
656,852,1057,1064
657,1046,1069,1073
658,1045,1029
659,1054,1062,1065
660,1045,1060
661,1045,1067
662,1050,864
663,1056,1061
664,1045,1067
665,1045,1067
666,1045,1067
667,1045,1068,1072
668,1060,1070,1067
669,1065,1075,1078
670,864,1077
671,1072,1082
672,1072,1083
673,1074,1081,1097
674,1061,1084
675,1061,1079
676,1061,1089
677,1067,1085
678,1061,1089
679,1067,1087
680,1082,1086
681,1058,1088
682,1058,1088
683,1079,1090,1093
684,1079,1094
685,1082,1067
686,1080,1095
687,1091,1098,1102
688,1095,1100,1110
689,1094,1099,1106
690,1091,1102
691,1094,1104,1112
692,1088,1107
693,1100,1108,1114
694,1103,1111
695,1102,1113
696,1107,1088
697,1102,1118,1127
698,1088,1119
699,1102,1116,1129
700,1107,1115
701,1102,1122,1140,1145
702,1089,1120
703,1089,1135
704,1111,1121,1126
705,1088,1125
706,1113,1129
707,1113,1128,1136
708,1123,1134
709,1117,1139
710,1123,1137
711,1088,1138
712,1111,1143
713,1117,1141
714,1088,1138
715,1133,1137
716,1117,1148
717,1117,1142
718,1134,1151
719,1117,1142
720,1129,1113
721,1088,1153
722,1088,1144
723,1129,1149
724,1088,1144
725,1139,1150
726,1129,1152
727,1129,1152
728,1138,1155
729,1148,1157,1080
730,1143,1154
731,1088,1156
732,1142,1158
733,1149,1162
734,1149,1160,1168
735,1150,1165,1170
736,1150,1167
737,1155,1164
738,1161,1174
739,1163,1171,1174
740,1168,1173
741,1168,1172,1176
742,1158,1150
743,1158,1175
744,1162,1173
745,1167,1180
746,1158,1179,1185
747,1167,1181
748,1167,1177,1180
749,1155,1178
750,1162,1186
751,1162,1184
752,1178,1182
753,1173,1194
754,1180,1198
755,1180,1191
756,1178,1187,1178
757,1174,1192
758,1184,1195
759,1185,1209
760,1174,1206
761,1185,1202
762,1185,1209
763,1174,1200
764,1178,1201
765,1178,1196,1208
766,1178,1197,1208
767,1174,1204
768,1173,1207
769,1174,1210
770,1191,1202
771,1198,1224,1241
772,1198,1215
773,1200,1219,1233,1246,1252,1264
774,1198,1230,1236
775,1173,1213
776,1186,1216
777,1209,1223
778,1191,1221
779,1217,1229
780,1210,1228
781,1221,1227,1231
782,1223,1234
783,1225,1237
784,1223,1242,1247
785,1232,1245,1254
786,1234,1238
787,1232,1250,1255,1216
788,1237,1249,1258
789,1241,1256,1266
790,1232,1260
791,1241,1263,1273,1266
792,1232,1262
793,1232,1250
794,1232,1261
795,1260,1272
796,1262,1269,1287
797,1264,1289
798,1264,1278
799,1265,1276
800,1265,1282,1290
801,1216,1274
802,1270,1275
803,1270,1277,1284,1266
804,1274,1216
805,1278,1281
806,1258,1285,1291
807,1279,1283,1275
808,1272,1267
809,1216,1288,1293
810,1272,1286,1292,1297,1305,1314,1318
811,1283,1275
812,1275,1294
813,1281,1295,1303
814,1276,1298
815,1289,1301
816,1289,1299
817,1289,1302,1299
818,1289,1300,1310
819,1291,1304
820,1298,1308,1276
821,1298,1307,1316
822,1298,1311
823,1298,1313
824,1298,1313
825,1311,1315,1320
826,1311,1321,1322
827,1276,1317
828,1276,1319
829,1313,1320
830,1313,1323
831,1322,1325,1320
832,1320,1327,1330
833,1326,1328
834,1326,1328
835,1328,1238
836,1330,1332
837,1330,1331,1333
838,1332,1334
839,1332,1334
840,1334,1335,1334
841,1332,1337,1338
842,1332,1336
843,1334,1339
844,1339,1340
845,1339,1340
846,1339,1342,1345
847,1340,1341
848,1340,1341
849,1341,1344,1346,1349
850,1345,1350
851,1343,1348
852,1349,1352,1355
853,1350,1354,1357
854,1356,1359,1361
855,1356,1340
856,1361,1363
857,1361,1357
858,1361,1363
859,1340,1365
860,1369,1371
861,1371,1373
862,1374,1376,1378,1380,1383
863,1374,1375,1377,1379,1381,1382
864,1383,1385,1386
865,1383,1384
866,1387,1389
867,1387,1390
868,1387,1388
869,1387,1393
870,1390,1395
871,1391,1394,1396
872,1401,1404
873,1405,1408,1410
874,1411,1412
875,1412,1289
876,1414,1418,1420
877,1417,1419,1421,1422
878,1417,1423,1424,1425
879,1426,1427,1429
880,1429,1430
881,1430,1432
882,1433,1434
883,1433,1436
884,1433,1434
885,1433,1435
886,1436,1434
887,1434,1439,1442
888,1438,1441,1442
889,1442,1446
890,1446,1447
891,1446,1447
892,1448,1452
893,1452,1453,1457
894,1452,1454,1455,1456
895,1456,1458
896,1457,1459,1458
897,1457,1460
898,1458,1461,1467,1470
899,1458,1462,1464
900,1463,1465,1468
901,1468,1471
902,1472,1475,1478
903,1472,1475,1478
904,1476,1477,1480
905,1480,1481
906,1482,1484,1485,1486
907,1486,1487
908,1487,1488
909,1490,1492
910,1490,1491
911,1491,1496
912,1491,1495
913,1494,1497,1499
914,1496,1504
915,1495,1498,1501
916,1499,1502,1505
917,1504,1506,1504
918,1504,1501,1508
919,1504,1507,1504
920,1509,1511,1512
921,1509,1513,1516
922,1509,1510
923,1512,1515
924,1522,1523,1525
925,1525,1526
926,1525,1529,1530
927,1528,1530
928,1530,1531
929,1530,1532
930,1531,1535
931,1531,1534
932,1534,1536
933,1536,1537
934,1536,1540
935,1536,1539
936,1536,1542
937,1540,1541
938,1540,1543
939,1540,1545
940,1543,1544
941,1540,1544
942,1540,1544
943,1544,1548
944,588,1549,1550
945,1552,1553,1555
946,1556,1557,1559
947,1561,1562,1564
948,1568,1569
949,1568,1570
950,1571,1572,1573
951,1573,1574
952,1573,1575
953,1575,1577
954,1575,1577
955,1577,1575
956,1575,1576
957,1519,1579,1581
958,1519,1580
959,1580,1582
960,1582,1585
961,1582,1584
962,1582,1585
963,1586,1587
964,1587,1580
965,1589,1590
966,1590,1591
967,1592,1593,1594
968,1594,1601
969,1592,1598
970,1592,1599,1600
971,1603,1606,1608
972,1605,1610,1611
973,1609,1604
974,1609,1614
975,1612,1615
976,1612,1613,1616
977,1618,1619
978,1618,1620
979,1620,1621
980,1621,1623
981,1622,1625
982,1623,1624,1621
983,1625,1627
984,1627,1628
985,1628,1630
986,1628,1631
987,1631,1544
988,1631,1632
989,1632,1544
990,1544,1634
991,1633,1635
992,1635,1636
993,1635,1641
994,1635,1640,1548
995,1548,1643
996,1641,1548
997,1641,1642,1644
998,1644,1641
999,1644,1645
1000,1644,1646,1647
1001,1641,1648
1002,1641,1648
1003,1648,1650,1654,1653
1004,1648,1649,1653
1005,1645,1652
1006,1653,1655,1657
1007,1653,1656
1008,1656,1658
1009,641,1659
1010,1659,1660
1011,1659,1661,1664
1012,1659,1663
1013,1663,1667
1014,1668,1670,1671
1015,1671,1672
1016,1671,1672
1017,1671,1673,1672
1018,1671,1672
1019,1671,1674
1020,1672,1675,1676
1021,1672,1676
1022,1672,1677
1023,1676,1677
1024,1677,1678
1025,1677,1678
1026,1677,1679
1027,1677,1680
1028,1683,1688,1690
1029,1683,1684
1030,1683,1687
1031,1687,1691
1032,1692,1693,1694,1695
1033,1695,1696
1034,1699,1700
1035,1699,1701,1702
1036,1705,1707
1037,1706,1707
1038,1707,1708
1039,1708,1709
1040,1709,1710,1699
1041,1709,1711
1042,1713,1714
1043,1714,1715
1044,1715,1717
1045,1717,1720,1721
1046,1717,1719
1047,1590,1725
1048,1590,1724
1049,1590,1726
1050,1727,780
1051,1727,1728
1052,780,1727
1053,1730,1731
1054,1731,1734
1055,1729,1737
1056,1731,1736
1057,1736,1731
1058,1736,1734
1059,1731,1734
1060,1734,1740
1061,1740,1741
1062,1736,1731
1063,1736,1742
1064,1743,1744,1751
1065,1741,1745
1066,1741,1745
1067,1741,1749
1068,1745,1750
1069,1750,1745
1070,1745,1755
1071,1753,1756
1072,1755,1757,1764
1073,1755,1760
1074,1755,1759
1075,1756,1761
1076,1756,1657
1077,1756,1765
1078,1763,1770,1773
1079,1763,1766
1080,1761,1768
1081,1769,1753
1082,1766,1774
1083,1774,1776,1953,1951
1084,1773,1777
1085,1777,1779,1780
1086,1782,1784,1788
1087,1781,1787
1088,1783,1786
1089,1786,1789,1793,1799
1090,1787,1795
1091,1792,1798
1092,1792,1780
1093,1799,1801,1803
1094,1798,1802
1095,1798,1807
1096,1798,1808,1811
1097,1810,1815,1816
1098,1816,1817,1818,1819
1099,1819,1821
1100,1819,1820
1101,1820,1822,1825
1102,1820,1821
1103,1820,1823,1827
1104,1820,1824,1827
1105,1820,1829
1106,1821,1830
1107,1821,1828
1108,1827,1832,1839,1841,1843
1109,1828,1830,1836,1844
1110,1830,1833
1111,1821,1833
1112,1821,1835,1833
1113,1821,1833
1114,1821,1834
1115,1833,1840
1116,1833,1842
1117,1842,1846
1118,1840,1844
1119,1844,1850
1120,1844,1848
1121,1844,1850
1122,1848,1851
1123,1848,1851
1124,1848,1853
1125,1854,1856,1858,1860,1861
1126,1854,1857
1127,1863,1864
1128,1865,1115
1129,1864,1867
1130,1864,1115
1131,1866,1868,1115
1132,1870,1871
1133,1871,1872
1134,1871,1873
1135,1873,1875
1136,1873,1877
1137,1871,1879
1138,1879,1880
1139,1878,1871
1140,1878,1883
1141,1882,1880
1142,1880,1885,1887
1143,1880,1888
1144,1880,1886
1145,1880,1883
1146,1880,1888
1147,1892,1896
1148,1893,1895,1897
1149,1897,1899
1150,1900,1904
1151,1900,1901,1903,1902
1152,1899,1902
1153,1902,1905
1154,1902,1909
1155,1902,1908
1156,1902,1911
1157,1902,1908
1158,1907,1910,1915
1159,1904,1916
1160,1908,1913,1917
1161,1904,1918
1162,1918,1920
1163,1917,1921,1927
1164,1918,1920
1165,1920,1929
1166,1927,1933,1935
1167,1927,1934
1168,1920,1929
1169,1927,1936
1170,1934,1938,1936
1171,1929,1942
1172,1920,1939
1173,1936,1940
1174,1920,1939
1175,1936,1943
1176,1943,1945
1177,1946,1947
1178,1947,1948
1179,1947,1949,1951
1180,1947,1952
1181,1947,1950,1951
1182,1951,1954
1183,1955,1956,1957
1184,1957,1959,1961
1185,1961,1963
1186,1961,1963
1187,1963,1964
1188,1963,1965
1189,1964,1968
1190,1964,1967,1969,1970
1191,1970,1717
1192,1970,1971
1193,1970,1971
1194,1971,1972
1195,1976,1974,1975
1196,1979,1980
1197,1980,1981,2033,2028
1198,1980,1982,1983
1199,1983,1985,1986
1200,1984,1988
1201,1986,1991,1993
1202,1989,1994
1203,1986,1992,1995,1996,1997,1998,1999
1204,1999,2001
1205,1999,2000
1206,2000,2003
1207,2001,2003
1208,2003,2004
1209,2003,2005,2004
1210,2004,2006
1211,1745,2008,2009
1212,1745,2007
1213,2007,1745
1214,2009,2010
1215,2009,2011
1216,2012,2013
1217,2012,2013
1218,2013,2014
1219,2014,2012
1220,2014,2015
1221,2013,819
1222,2020,2021,2018
1223,2025,2026
1224,2026,2027,2030,2031
1225,2026,2028
1226,2028,2029
1227,2028,2034
1228,2028,2032
1229,2038,2039,2038
1230,2038,2040
1231,2038,2041
1232,2044,2046
1233,2045,2047
1234,2045,2049
1235,2045,2050,2051,2052
1236,2054,2053,2055
1237,2054,2056
1238,2056,2058
1239,2058,2054
1240,2058,2060,2062,2063
1241,2058,2061,2058
1242,2063,2065
1243,2026,2067
1244,2067,2068,2069
1245,2067,2032,2071
1246,2067,2074
1247,2067,2070,2075
1248,2067,2072
1249,2071,2073,2076
1250,2083,832
1251,832,2084,894
1252,894,2085
1253,2086,824
1254,2090,2091
1255,2091,2093
1256,2093,2095
1257,2093,2094
1258,2099,2101
1259,2101,2102
1260,2102,2104
1261,2103,2104
1262,2104,2105
1263,2104,2107
1264,2108,2110,2111
1265,2109,2112,2118
1266,2109,2113
1267,2109,2115
1268,2109,2114
1269,2109,2117
1270,2109,2114
1271,2111,2116
1272,2115,2121
1273,2116,2104
1274,2116,2123
1275,2116,2129
1276,2116,2126,2132
1277,2120,2130
1278,2124,2130
1279,2130,2135,2140
1280,2134,2142
1281,2141,2143,2148,2153
1282,2139,2146,2151
1283,2142,2150,2154
1284,2149,2155
1285,2151,2157
1286,2153,2158
1287,2159,2058
1288,2058,2160
1289,2058,2161,2163
1290,2160,2162
1291,2162,2164,2167,2169
1292,2162,2165
1293,2162,2165
1294,2165,2172,2175
1295,2166,2171
1296,2169,2173,2176
1297,2175,2178
1298,2176,2181,2179,2175
1299,2180,2182
1300,2183,2185
1301,2185,2187
1302,2188,2189,2191
1303,2187,2190,2192
1304,2188,2187
1305,2187,2193
1306,2191,2194,2193
1307,2191,2196
1308,2198,2201
1309,2198,2199,2202
1310,2198,2200,2203
1311,2201,2195
1312,2201,2205
1313,2201,2208,2235
1314,2204,2207
1315,2205,2206,2209
1316,2207,2210
1317,2209,2212
1318,2210,2203
1319,2211,2216
1320,2211,2215
1321,2216,2218,2215
1322,2216,2217
1323,2216,2217,2219
1324,2219,2221
1325,2219,2224
1326,2222,2223,2222
1327,2222,2224
1328,2224,2226
1329,2225,2155
1330,2155,2158
1331,2155,2154
1332,2158,2227,2229
1333,2154,2230
1334,2154,2231
1335,2239,2240
1336,2240,2118
1337,2242,2243,2244
1338,2244,2245
1339,2245,2249
1340,2245,2247
1341,2244,2245
1342,2244,2248
1343,2247,2180,2252
1344,2251,2253
1345,2253,2254
1346,2253,2255
1347,2256,2257,2258
1348,2258,2260
1349,2265,2268
1350,2265,2267
1351,2268,2269
1352,2269,2270
1353,2271,2272
1354,2272,2274
1355,2272,2275
1356,2272,2275
1357,2275,2277,2280
1358,2274,2278
1359,2274,2276,2278
1360,2280,2278
1361,2280,2281
1362,2281,2284,2288,2289
1363,2281,2282
1364,2278,2287
1365,2290,2292
1366,2227,2294
1367,2294,2293,2296
1368,2294,2297
1369,2298,2299
1370,2299,2300
1371,2299,2300
1372,2299,2302
1373,2302,2301,2306
1374,2302,2303,2305
1375,2302,2304
1376,2305,2307
1377,2307,2308
1378,2307,2299
1379,2307,2308
1380,2307,2299
1381,2308,2309
1382,2309,2310
1383,2309,2311
1384,2309,2310
1385,2315,2319
1386,2315,2317,2316
1387,2319,2320
1388,2318,2321
1389,2318,2322
1390,2319,2323,2327
1391,2322,2324
1392,2319,2325
1393,2319,2325
1394,2322,2326,2330
1395,2319,2329
1396,2325,2329
1397,2325,2331,2335
1398,2322,2332
1399,2325,2333
1400,2325,2333
1401,2332,2322
1402,2334,2335
1403,2334,2339
1404,2332,2341
1405,2332,2343,2347
1406,2336,2325
1407,2325,2344,2348,2351
1408,2346,2349,2350
1409,2350,2353
1410,2352,2355
1411,2353,2357
1412,2353,2356
1413,2356,2362
1414,2357,2364,2367
1415,2356,2361,2366
1416,2359,2363,2368
1417,2360,2365,2367
1418,2366,2371
1419,2366,2374
1420,2366,2370,2374
1421,2362,2376
1422,2367,2373
1423,2371,2377
1424,2371,2375
1425,2374,2379,2381
1426,2374,2376
1427,2376,2380
1428,2377,2382
1429,2376,2383
1430,2376,2383
1431,2376,2384
1432,2377,2386,2391
1433,2393,2394,2395,2396
1434,2396,2397,2398
1435,2396,2399
1436,2396,2400
1437,2399,2402,2403
1438,1072,2404
1439,1072,2405
1440,2405,1072
1441,2405,992
1442,1072,2406
1443,992,2406,2407
1444,2409,2411
1445,2411,2412,2413
1446,2411,2414,2415
1447,2292,2420,2422
1448,2419,2421,2422
1449,2419,2422
1450,2422,2423,2424
1451,2424,2425
1452,2427,2429
1453,2428,2429
1454,2429,2433
1455,2434,2436,2437
1456,2435,2438,2439
1457,2443,2444
1458,2444,2447,2448
1459,2448,2450,2451
1460,2451,2452
1461,2451,2453
1462,2451,2454
1463,2451,2453
1464,2451,2455
1465,2453,2456,2451
1466,2453,2451
1467,2453,2456
1468,2455,2457
1469,2451,2458
1470,2456,2462
1471,2451,2458
1472,2456,2461
1473,2451,2455
1474,2462,2463
1475,2462,2464
1476,2463,2466,2468
1477,2463,2471
1478,2464,2469
1479,2464,2470,2474
1480,2467,2472,2476
1481,2464,2471
1482,2473,2477
1483,2473,2476
1484,2467,2479
1485,2467,2479
1486,2478,2480
1487,2478,2481
1488,2477,2476
1489,2477,2482,2488
1490,2476,2489
1491,2476,2486
1492,2476,2487,2486
1493,2488,2492
1494,2479,2496
1495,2488,2499
1496,2479,2498
1497,2479,2500
1498,2479,2501
1499,2479,2502
1500,2503,2507
1501,2506,2510
1502,2510,2512
1503,2510,2511,2513
1504,2514,2516,2517
1505,2515,2512
1506,2515,2518
1507,2512,2518
1508,2455,2521
1509,2521,2455
1510,2521,2522
1511,2524,2526
1512,2524,2527,2528
1513,2528,2529,2530
1514,2528,2526
1515,2528,2531,2582
1516,2528,2532
1517,2535,2536,2538
1518,2534,2537
1519,2538,2540
1520,2542,2543,2544
1521,2544,2545,2546
1522,2547,2548
1523,2544,2550
1524,2422,2551,2422
1525,2422,2552
1526,2553,2555
1527,2557,2558,2560
1528,2556,2562
1529,2564,2565
1530,2564,2565
1531,2564,2566
1532,2565,1258
1533,2565,2568
1534,2571,2573
1535,2571,2572
1536,2573,2577
1537,2573,2576,2573
1538,2573,2578
1539,2573,2578
1540,2578,2580
1541,2580,1256
1542,2582,2583
1543,2583,2585,2586
1544,2586,2587
1545,2586,2588
1546,2422,2589
1547,2589,2590,2591
1548,2591,2593
1549,2591,2592,2593
1550,2591,2594,2595
1551,2593,2596
1552,2598,2600
1553,2600,2601
1554,2600,2601
1555,2600,2602,2603,2604
1556,2601,2606
1557,2604,2607
1558,2601,2608
1559,2601,2609
1560,2606,2610
1561,2604,2611
1562,2607,2612
1563,2613,2614
1564,2615,2616
1565,2621,1332
1566,1332,2622
1567,2623,1258
1568,1258,2624
1569,2624,2626,2627
1570,2629,2632,2634,2636,2638,2639
1571,2631,2633,2635
1572,2635,2637
1573,2639,2640
1574,2640,2641
1575,2641,2642,2643
1576,2644,2645,2646
1577,2646,2648,2649
1578,2649,2650
1579,2650,2652
1580,2650,2652
1581,2650,2653
1582,2650,2654,2650
1583,2652,2656
1584,2652,2658
1585,2656,2659
1586,2650,2660,2661
1587,2661,2663
1588,2665,2666,2667,2668,2669
1589,2672,2676
1590,2672,2675
1591,2678,2679,2680
1592,2680,2681
1593,2680,2682
1594,2680,2683
1595,2684,2686,2687
1596,2688,2691
1597,2690,2694
1598,2691,2693,2696
1599,2691,2695,2697
1600,2694,2702
1601,2699,2703
1602,2703,2707
1603,2702,2710
1604,2703,2705,2708
1605,2703,2709
1606,2706,2711,2714
1607,2706,2712
1608,2709,2716,2720
1609,2713,2712
1610,2713,2718,2722
1611,2714,2717,2721
1612,2715,2724
1613,2720,2723,2727
1614,2726,2730
1615,2728,2731
1616,2724,2734
1617,2731,2709
1618,2730,2737,2738
1619,2731,2739
1620,2731,2739
1621,2741,2743
1622,2747,2748,2750
1623,2747,2751
1624,2754,2755
1625,2754,2756
1626,2755,2758,2759
1627,2760,2762
1628,2761,2763,2765
1629,2762,2764
1630,2768,2769
1631,2770,2775
1632,2769,2772
1633,2772,2776
1634,2776,2778
1635,2776,2778
1636,2778,2780
1637,2778,2779,2781
1638,2780,2783
1639,2783,2788
1640,2778,2786
1641,2788,2789
1642,2793,2795
1643,2798,2797,2798
1644,2798,2799,2800
1645,2798,2801,2805
1646,2798,2803
1647,2800,2806,2798
1648,2802,2806
1649,2810,2814
1650,2817,2821
1651,2814,2820,2824
1652,2814,2823
1653,2819,2822,2824
1654,2821,2826
1655,2823,2827
1656,2821,2830,2823
1657,2823,2828
1658,2824,2833
1659,2827,2823
1660,2824,2834
1661,2834,2840
1662,2835,2839,2842
1663,2833,2824
1664,2836,2841,2843
1665,2824,2847
1666,2843,2846,2852
1667,2842,2851
1668,2845,2849
1669,2848,2847
1670,2852,2857
1671,2854,2859,3046
1672,2852,2861,2864
1673,2849,2860
1674,2856,2862,2863,2871
1675,2855,2867
1676,2858,2866,2870
1677,2865,2870
1678,2870,2873
1679,2871,2880
1680,2873,2881
1681,2878,2887
1682,2886,2889
1683,2889,2891
1684,2889,2892
1685,2889,2892
1686,2891,2893
1687,2892,2895
1688,2892,2898
1689,2895,2899,2902
1690,2893,2900
1691,2901,2906
1692,2901,2905,2908
1693,2901,2907
1694,2900,2910
1695,2908,2914
1696,2909,2911
1697,2911,2914
1698,2911,2898
1699,2914,2918,2916
1700,2914,2917,2921,2924
1701,2911,2919,2922
1702,2911,2920
1703,2911,2924
1704,2911,2930,2936
1705,2924,2926,2928
1706,2911,2933
1707,2925,2932
1708,2925,2929,2925
1709,2925,2934
1710,2934,2937
1711,2932,2940,2941
1712,2939,2945
1713,2942,2946
1714,2937,2947
1715,2945,2951
1716,2945,2949,2952
1717,2946,2953
1718,2953,2951,2960,2968,2970
1719,2954,2957,2959
1720,2956,2958
1721,2956,2958
1722,2953,2961,2963
1723,2958,2964
1724,2959,2965
1725,2959,2966
1726,2958,2967,2969
1727,2966,2958
1728,2958,2972
1729,2966,2973
1730,2966,2973
1731,2972,2978
1732,2972,2976
1733,2978,2979
1734,2978,2988
1735,2979,2990
1736,2988,2979
1737,2988,2991
1738,2990,2992
1739,2990,2992
1740,2990,2996
1741,2991,2995
1742,2992,2994
1743,2991,2997
1744,2994,2998,2999
1745,2995,2996
1746,2997,3003
1747,2995,2996
1748,2992,3002
1749,2992,3001
1750,2996,3001
1751,2996,3005,3007
1752,2996,3004
1753,3001,2992
1754,2996,3006
1755,2996,3006
1756,3008,3010
1757,3003,3010
1758,3008,2978
1759,3007,2996
1760,2978,3011
1761,2996,3014
1762,2978,3012
1763,2978,3013
1764,3013,3015
1765,3013,3015
1766,2978,3019
1767,2978,3019
1768,3015,3020
1769,3019,3023
1770,2978,3022
1771,3020,3026
1772,3019,3027
1773,3021,3028
1774,3023,3029
1775,3015,3033
1776,3023,3029
1777,3026,3031,3037
1778,3026,3035
1779,3026,3039,3042,3044
1780,3029,3036
1781,3034,3045
1782,3032,2870
1783,3036,3041
1784,3036,3041
1785,3041,3046
1786,3029,3049
1787,3044,3051
1788,3053,3055,3056
1789,3053,3055
1790,3055,3057
1791,3057,3062,3064
1792,3059,3063
1793,3061,3065,3067
1794,3072,3070,3071
1795,3071,3072
1796,3071,3075
1797,3071,3074,3077,3079
1798,3071,3076
1799,3076,3080
1800,3075,3080
1801,3075,3084
1802,3075,3085
1803,3075,3083
1804,3080,3082,3087
1805,3080,3086
1806,3080,3084
1807,3084,3086
1808,3083,3088,3089
1809,3084,3086
1810,3086,3089,3092,3093
1811,3086,3091
1812,3086,3094
1813,3086,3093
1814,3095,3097
1815,3097,3098
1816,3097,3099
1817,3097,3101
1818,3103,2743
1819,2743,2742
1820,2743,3104
1821,3105,3107
1822,3110,3111,3113
1823,3119,3120
1824,3120,3121
1825,3121,3124,3126
1826,3123,3125
1827,3125,3128,3131,3135
1828,3129,3125
1829,3125,3132
1830,3134,3139
1831,3136,3141,3125
1832,3136,3140,3143
1833,3139,3142
1834,3136,3144,3147,3150
1835,3143,3146,3151
1836,3136,3149
1837,3136,3148
1838,3148,3152
1839,3149,3153
1840,3151,3155
1841,3153,3154
1842,3154,3156,3159
1843,3153,3157
1844,3158,3153
1845,3159,3160,3153
1846,3159,3163
1847,3153,3162,3153
1848,3153,3166
1849,3153,3164,3167
1850,3159,3165
1851,3167,3170
1852,3169,3170
1853,3170,3174
1854,3174,3175
1855,3174,3177,3178
1856,3175,3176
1857,3176,3181
1858,3175,3170
1859,3175,3170
1860,3170,3185
1861,3181,3186
1862,3183,3188,3184
1863,3183,3187
1864,3183,3189
1865,3181,3193
1866,3181,3190
1867,3181,3194
1868,3181,3191
1869,3185,3192,3185
1870,3190,3181
1871,3186,3196
1872,3185,3195
1873,3190,3197
1874,3202,3203
1875,3203,3205
1876,3205,3206
1877,3205,3203
1878,3207,3211
1879,3205,3209
1880,3208,3209
1881,3205,3210,3212
1882,3208,3213
1883,3211,3214,3216
1884,3221,3223
1885,3221,3223
1886,3221,3223
1887,3223,3225
1888,3223,3224
1889,3229,3230
1890,3230,3232
1891,3230,3231
1892,3230,3233
1893,3232,3234
1894,3237,3239,3240
1895,3240,3242
1896,3240,3245
1897,3245,3246,3251
1898,3247,3249,3252
1899,3248,3250,3252
1900,3252,3261
1901,3252,3259
1902,3259,3265
1903,3260,3266,3267
1904,3265,3269
1905,3265,3268,3270
1906,3267,3259
1907,3269,3272
1908,3272,3274
1909,3274,3275
1910,3275,3276
1911,3277,3280
1912,3277,3279
1913,3277,3281
1914,3281,3284,3287
1915,3280,3286
1916,3280,3289,3291
1917,3287,3267
1918,3292,3294
1919,3294,3297
1920,3295,3296,3299
1921,3299,3301
1922,3299,3303
1923,3299,3302
1924,3301,3303
1925,3303,3304
1926,3303,3305
1927,3303,3304
1928,3303,3304
1929,3303,3304
1930,3304,3306
1931,3303,3307
1932,3306,3308
1933,3306,3309
1934,3306,3314
1935,3314,3316,3318
1936,3318,3320
1937,3233,3321,3322,3323
1938,3323,3324,3325
1939,3323,3326,3323
1940,3323,3327
1941,3327,3329,3330,3331
1942,3333,3335
1943,3333,3334
1944,3335,3336
1945,3335,3337
1946,3335,3334
1947,3335,3337
1948,3335,3338,3335
1949,3334,3339,3342
1950,3335,3340
1951,3335,3341,3343
1952,3345,3347,3348
1953,3348,3349,3350
1954,3348,3351
1955,3355,3356
1956,3355,3357
1957,3363,3364
1958,3371,3372
1959,3371,3374
1960,3371,3373,3375
1961,3374,3376,3377
1962,3374,3379
1963,3375,3378
1964,3381,3380,3382
1965,3382,3383
1966,3382,3384
1967,3383,3385,3384
1968,3389,3392
1969,3389,3391,3393
1970,3389,3394
1971,3395,3396
1972,3396,3378
1973,3396,3378
1974,3378,3372
1975,3399,3401
1976,3401,3402
1977,3403,3405
1978,3403,3406
1979,3403,3406
1980,3406,3408
1981,3406,3408
1982,3405,3411
1983,3412,3413,3415,3416
1984,3417,3418
1985,3418,3420
1986,3418,3422
1987,3420,3424
1988,3422,3427
1989,3421,3427
1990,3427,3430
1991,3429,3433
1992,3427,3431
1993,3430,3432
1994,3432,3430
1995,3430,3436
1996,3433,3438
1997,3442,3444
1998,3444,3446
1999,3447,3448
2000,3448,3449
2001,3187,3455,3456
2002,3187,3457,3458,3459
2003,3462,3463
2004,3462,3464
2005,3465,3466,3467,3468
2006,3468,3469
2007,3469,3472,3469
2008,3469,3473
2009,3469,3475
2010,3476,3478
2011,3476,3479
2012,3476,3479
2013,3479,3480
2014,3481,3483
2015,3485,3486,3488
2016,3490,3492
2017,3492,3493,3494,3495
2018,3499,3500,3274
2019,3499,3501,3274
2020,3499,3464
