lineIndex,pointIndex0,pointIndex1,pointIndex2,pointIndex3,pointIndex4,pointIndex5,pointIndex6,pointIndex7,pointIndex8,pointIndex9,pointIndex10,pointIndex11,pointIndex12,pointIndex13,pointIndex14,pointIndex15,pointIndex16,pointIndex17,pointIndex18,pointIndex19
0,0,1,3,5,6,7,8,9,10,11,12,13,14,15,16,17,18
1,20,21,23,24
2,26,27
3,27,29,31
4,27,28,30
5,30,32,35,39,40,44,48
6,33,34,37,36
7,33,36
8,38,42,43
9,38,41,45,49
10,43,47
11,43,46,50
12,47,51,54
13,48,53,55,58,61
14,49,56,60
15,57,62,63
16,63,65,67
17,63,64,66
18,66,71,73
19,66,68,70
20,67,72,75
21,73,76,77
22,80,78,79,81,82,83,84
23,85,88,90,92,96,97,98
24,87,91,95
25,89,93,95
26,100,99,101,102
27,102,106,108,112
28,103,105,107,111,113,115,116,117,118,119,120,121,122,123,124
29,103,104,109,110,114
30,125,126,127,128,129,130,131,132,133,134,135,136,137,138,139,140,141,142,143,144
31,145,146,147,148,149,150,151,152,153,154,155,156,157
32,157,162
33,157,159,160,161
34,162,163,164
35,165,166,167
36,167,168,169
37,169,171
38,169,170,173
39,171,174,175
40,171,172,175
41,175,176,179,181
42,175,177,178,180,182,184
43,181,183,185,186
44,187,188,189
45,187,190,191,194,195
46,189,192
47,192,193,196
48,195,198,201
49,196,199,200
50,202,204,206
51,202,203,205
52,207,208,209,210,211,212
53,212,215,217,218,219,220
54,212,213,214,216
55,216,221,222
56,222,224,225,227,228,229
57,222,223,226
58,230,231,229
59,229,232
60,229,233,234
61,234,235
62,236,237,238,239
63,239,240,243,244
64,239,241,242
65,244,246
66,246,247,249,250,251
67,246,248
68,253,252,254,255,256,257,258,259,260,261,262,263
69,263,265,268
70,263,266,269
71,263,267,270
72,271,272,273,274
73,274,276,279,280,283,285,286,287,288,289
74,275,277,281,282,284
75,275,278
76,290,291,292,293,294,295
77,295,296,298,299,301
78,295,297,300,302
79,302,303,304
80,302,305,308
81,308,310
82,309,311,313,317
83,312,315
84,315,318,320
85,317,321,322,323
86,324,325,326,327
87,327,328,329,330,331,332,333,334,335,336
